Student Name,PR Number,Lab Name,PR Status,Lab Status,PR Created at,PR Updated at,PR Closed at,PR URL,base repository,base,head repository,compare,Pushed at
No student name provided,148,Lab format name is incorrect,open,lab-started,2023-04-01 11:36:08,2023-04-01 11:36:08,,https://github.com/ih-datapt-mad/dataptmad0223_labs/pull/148,ih-datapt-mad/dataptmad0223_labs,main,capyami/dataptmad0223_labs,lab-web-scraping,2023-03-31 14:58:19
No student name provided,147,Lab format name is incorrect,open,lab-started,2023-03-31 18:36:26,2023-03-31 18:37:25,,https://github.com/ih-datapt-mad/dataptmad0223_labs/pull/147,ih-datapt-mad/dataptmad0223_labs,main,HerminiaPadial/dataptmad0223_labs,My_SQL_Select,2023-03-31 18:34:41
No student name provided,145,Lab format name is incorrect,open,lab-started,2023-03-31 15:32:08,2023-03-31 15:32:08,,https://github.com/ih-datapt-mad/dataptmad0223_labs/pull/145,ih-datapt-mad/dataptmad0223_labs,main,capyami/dataptmad0223_labs,lab-mysql,2023-03-31 14:58:19
No student name provided,143,Lab format name is incorrect,open,lab-started,2023-03-31 07:59:12,2023-03-31 07:59:12,,https://github.com/ih-datapt-mad/dataptmad0223_labs/pull/143,ih-datapt-mad/dataptmad0223_labs,main,magnofz/dataptmad0223_labs,advanced-mysql,2023-03-31 07:52:50
No student name provided,142,Lab format name is incorrect,open,lab-started,2023-03-30 17:11:30,2023-03-30 17:11:30,,https://github.com/ih-datapt-mad/dataptmad0223_labs/pull/142,ih-datapt-mad/dataptmad0223_labs,main,MargaMontV/dataptmad0223_labs,mysql,2023-03-30 17:10:46
No student name provided,139,Lab format name is incorrect,open,lab-started,2023-03-30 09:55:10,2023-03-30 16:43:54,,https://github.com/ih-datapt-mad/dataptmad0223_labs/pull/139,ih-datapt-mad/dataptmad0223_labs,main,magnofz/dataptmad0223_labs,mysql-select,2023-03-31 07:52:50
No student name provided,138,Lab format name is incorrect,open,lab-started,2023-03-30 07:57:30,2023-03-30 07:57:30,,https://github.com/ih-datapt-mad/dataptmad0223_labs/pull/138,ih-datapt-mad/dataptmad0223_labs,main,magnofz/dataptmad0223_labs,mysql,2023-03-31 07:52:50
No student name provided,137,Lab format name is incorrect,open,lab-started,2023-03-28 15:28:32,2023-03-28 15:28:32,,https://github.com/ih-datapt-mad/dataptmad0223_labs/pull/137,ih-datapt-mad/dataptmad0223_labs,main,damarianor/dataptmad0223_labs,mysql,2023-03-31 10:46:43
No student name provided,136,Lab format name is incorrect,open,lab-started,2023-03-28 11:05:12,2023-03-28 11:05:12,,https://github.com/ih-datapt-mad/dataptmad0223_labs/pull/136,ih-datapt-mad/dataptmad0223_labs,main,Mohammad-Mujib/dataptmad0223_labs,mysql,2023-03-28 11:03:16
Diego Bonilla,140,[mysql],open,lab-finished,2023-03-30 14:23:15,2023-03-30 14:23:15,,https://github.com/ih-datapt-mad/dataptmad0223_labs/pull/140,ih-datapt-mad/dataptmad0223_labs,main,DiegoBonilla39/dataptmad0223_labs,mysql,2023-03-30 15:23:41
Diego Bonilla,141,[mysql-select],open,lab-finished,2023-03-30 15:24:39,2023-03-30 15:24:39,,https://github.com/ih-datapt-mad/dataptmad0223_labs/pull/141,ih-datapt-mad/dataptmad0223_labs,main,DiegoBonilla39/dataptmad0223_labs,mysql-select,2023-03-30 15:23:41
